[{"city":"Toronto", "country":"Toronto", "population":Toronto},{"city":"Haerbin", "country":"Haerbin", "population":Haerbin},{"city":"Belo Horizonte", "country":"Belo Horizonte", "population":Belo Horizonte},{"city":"Cape Town", "country":"Cape Town", "population":Cape Town},{"city":"Shanghai", "country":"Shanghai", "population":Shanghai},{"city":"Sana'a", "country":"Sana'a", "population":Sana'a},{"city":"Kiev", "country":"Kiev", "population":Kiev},{"city":"Mashhad", "country":"Mashhad", "population":Mashhad},{"city":"Wuxi", "country":"Wuxi", "population":Wuxi},{"city":"Hefei", "country":"Hefei", "population":Hefei},{"city":"Ibadan", "country":"Ibadan", "population":Ibadan},{"city":"Chengdu", "country":"Chengdu", "population":Chengdu},{"city":"Melbourne", "country":"Melbourne", "population":Melbourne},{"city":"Istanbul", "country":"Istanbul", "population":Istanbul},{"city":"Shenyang", "country":"Shenyang", "population":Shenyang},{"city":"Dallas", "country":"Dallas", "population":Dallas},{"city":"Xiamen", "country":"Xiamen", "population":Xiamen},{"city":"Addis Ababa", "country":"Addis Ababa", "population":Addis Ababa},{"city":"Jiddah", "country":"Jiddah", "population":Jiddah},{"city":"Montréal", "country":"Montréal", "population":Montréal},{"city":"Chittagong", "country":"Chittagong", "population":Chittagong},{"city":"Houston", "country":"Houston", "population":Houston},{"city":"Nanning", "country":"Nanning", "population":Nanning},{"city":"Shantou", "country":"Shantou", "population":Shantou},{"city":"Monterrey", "country":"Monterrey", "population":Monterrey},{"city":"New York", "country":"New York", "population":New York},{"city":"Fuzhou", "country":"Fuzhou", "population":Fuzhou},{"city":"Tianjin", "country":"Tianjin", "population":Tianjin},{"city":"London", "country":"London", "population":London},{"city":"Mumbai", "country":"Mumbai", "population":Mumbai},{"city":"Detroit", "country":"Detroit", "population":Detroit},{"city":"Kabul", "country":"Kabul", "population":Kabul},{"city":"Caracas", "country":"Caracas", "population":Caracas},{"city":"Moscow", "country":"Moscow", "population":Moscow},{"city":"Hangzhou", "country":"Hangzhou", "population":Hangzhou},{"city":"Dakar", "country":"Dakar", "population":Dakar},{"city":"Busan", "country":"Busan", "population":Busan},{"city":"Yaounde", "country":"Yaounde", "population":Yaounde},{"city":"Johannesburg", "country":"Johannesburg", "population":Johannesburg},{"city":"Baghdad", "country":"Baghdad", "population":Baghdad},{"city":"Chongqing", "country":"Chongqing", "population":Chongqing},{"city":"Philadelphia", "country":"Philadelphia", "population":Philadelphia},{"city":"Bogotá", "country":"Bogotá", "population":Bogotá},{"city":"Athens", "country":"Athens", "population":Athens},{"city":"Guadalajara", "country":"Guadalajara", "population":Guadalajara},{"city":"Nairobi", "country":"Nairobi", "population":Nairobi},{"city":"Chicago", "country":"Chicago", "population":Chicago},{"city":"Los Angeles", "country":"Los Angeles", "population":Los Angeles},{"city":"Kano", "country":"Kano", "population":Kano},{"city":"Saint Petersburg", "country":"Saint Petersburg", "population":Saint Petersburg},{"city":"Ahmadabad", "country":"Ahmadabad", "population":Ahmadabad},{"city":"Kuala Lumpur", "country":"Kuala Lumpur", "population":Kuala Lumpur},{"city":"Rome", "country":"Rome", "population":Rome},{"city":"Kolkata", "country":"Kolkata", "population":Kolkata},{"city":"Taiyuan", "country":"Taiyuan", "population":Taiyuan},{"city":"Abidjan", "country":"Abidjan", "population":Abidjan},{"city":"Hong Kong", "country":"Hong Kong", "population":Hong Kong},{"city":"Santiago", "country":"Santiago", "population":Santiago},{"city":"Beijing", "country":"Beijing", "population":Beijing},{"city":"Miami", "country":"Miami", "population":Miami},{"city":"Wuhan", "country":"Wuhan", "population":Wuhan},{"city":"Lahore", "country":"Lahore", "population":Lahore},{"city":"Shizuoka", "country":"Shizuoka", "population":Shizuoka},{"city":"Porto Alegre", "country":"Porto Alegre", "population":Porto Alegre},{"city":"Manila", "country":"Manila", "population":Manila},{"city":"Lucknow", "country":"Lucknow", "population":Lucknow},{"city":"Cairo", "country":"Cairo", "population":Cairo},{"city":"Nanjing", "country":"Nanjing", "population":Nanjing},{"city":"Kanpur", "country":"Kanpur", "population":Kanpur},{"city":"Seoul", "country":"Seoul", "population":Seoul},{"city":"Jakarta", "country":"Jakarta", "population":Jakarta},{"city":"Riyadh", "country":"Riyadh", "population":Riyadh},{"city":"Faisalabad", "country":"Faisalabad", "population":Faisalabad},{"city":"San Francisco", "country":"San Francisco", "population":San Francisco},{"city":"Dongguan", "country":"Dongguan", "population":Dongguan},{"city":"Lima", "country":"Lima", "population":Lima},{"city":"Guangzhou", "country":"Guangzhou", "population":Guangzhou},{"city":"Urumqi", "country":"Urumqi", "population":Urumqi},{"city":"Wenzhou", "country":"Wenzhou", "population":Wenzhou},{"city":"Medellín", "country":"Medellín", "population":Medellín},{"city":"Jaipur", "country":"Jaipur", "population":Jaipur},{"city":"Delhi", "country":"Delhi", "population":Delhi},{"city":"Kitakyushu", "country":"Kitakyushu", "population":Kitakyushu},{"city":"Osaka", "country":"Osaka", "population":Osaka},{"city":"Sao Paulo", "country":"Sao Paulo", "population":Sao Paulo},{"city":"Ho Chi Minh City", "country":"Ho Chi Minh City", "population":Ho Chi Minh City},{"city":"Kunming", "country":"Kunming", "population":Kunming},{"city":"Milan", "country":"Milan", "population":Milan},{"city":"Hanoi", "country":"Hanoi", "population":Hanoi},{"city":"Dalian", "country":"Dalian", "population":Dalian},{"city":"Alexandria", "country":"Alexandria", "population":Alexandria},{"city":"Dhaka", "country":"Dhaka", "population":Dhaka},{"city":"San Diego", "country":"San Diego", "population":San Diego},{"city":"Phoenix", "country":"Phoenix", "population":Phoenix},{"city":"Zhengzhou", "country":"Zhengzhou", "population":Zhengzhou},{"city":"Fortaleza", "country":"Fortaleza", "population":Fortaleza},{"city":"Ji'nan", "country":"Ji'nan", "population":Ji'nan},{"city":"Ningbo", "country":"Ningbo", "population":Ningbo},{"city":"Puebla", "country":"Puebla", "population":Puebla},{"city":"Karachi", "country":"Karachi", "population":Karachi},{"city":"Chennai", "country":"Chennai", "population":Chennai},{"city":"Guatemala City", "country":"Guatemala City", "population":Guatemala City},{"city":"Berlin", "country":"Berlin", "population":Berlin},{"city":"Salvador", "country":"Salvador", "population":Salvador},{"city":"Casablanca", "country":"Casablanca", "population":Casablanca},{"city":"Qingdao", "country":"Qingdao", "population":Qingdao},{"city":"Lagos", "country":"Lagos", "population":Lagos},{"city":"Santo Domingo", "country":"Santo Domingo", "population":Santo Domingo},{"city":"Bangkok", "country":"Bangkok", "population":Bangkok},{"city":"Curitiba", "country":"Curitiba", "population":Curitiba},{"city":"Aleppo", "country":"Aleppo", "population":Aleppo},{"city":"Brasília", "country":"Brasília", "population":Brasília},{"city":"Foshan", "country":"Foshan", "population":Foshan},{"city":"Surat", "country":"Surat", "population":Surat},{"city":"Tehran", "country":"Tehran", "population":Tehran},{"city":"Atlanta", "country":"Atlanta", "population":Atlanta},{"city":"Pune", "country":"Pune", "population":Pune},{"city":"Boston", "country":"Boston", "population":Boston},{"city":"Zhongshan", "country":"Zhongshan", "population":Zhongshan},{"city":"Changchun", "country":"Changchun", "population":Changchun},{"city":"Campinas", "country":"Campinas", "population":Campinas},{"city":"Dar es Salaam", "country":"Dar es Salaam", "population":Dar es Salaam},{"city":"Shenzhen", "country":"Shenzhen", "population":Shenzhen},{"city":"Shijiazhuang", "country":"Shijiazhuang", "population":Shijiazhuang},{"city":"Mexico City", "country":"Mexico City", "population":Mexico City},{"city":"Xi'an", "country":"Xi'an", "population":Xi'an},{"city":"Seattle", "country":"Seattle", "population":Seattle},{"city":"Washington D.C.", "country":"Washington D.C.", "population":Washington D.C.},{"city":"Madrid", "country":"Madrid", "population":Madrid},{"city":"Barcelona", "country":"Barcelona", "population":Barcelona},{"city":"Hyderabad", "country":"Hyderabad", "population":Hyderabad},{"city":"Sydney", "country":"Sydney", "population":Sydney},{"city":"Kinshasa", "country":"Kinshasa", "population":Kinshasa},{"city":"Changsha", "country":"Changsha", "population":Changsha},{"city":"Ankara", "country":"Ankara", "population":Ankara},{"city":"Bangalore", "country":"Bangalore", "population":Bangalore},{"city":"Nagoya", "country":"Nagoya", "population":Nagoya},{"city":"Tel Aviv", "country":"Tel Aviv", "population":Tel Aviv},{"city":"Luanda", "country":"Luanda", "population":Luanda},{"city":"Yangon", "country":"Yangon", "population":Yangon},{"city":"Singapore", "country":"Singapore", "population":Singapore},{"city":"Khartoum", "country":"Khartoum", "population":Khartoum},{"city":"Buenos Aires", "country":"Buenos Aires", "population":Buenos Aires},{"city":"Recife", "country":"Recife", "population":Recife},{"city":"Rio de Janeiro", "country":"Rio de Janeiro", "population":Rio de Janeiro},{"city":"Tokyo", "country":"Tokyo", "population":Tokyo},{"city":"Paris", "country":"Paris", "population":Paris},{"city":"Izmir", "country":"Izmir", "population":Izmir},{"city":"Suzhou", "country":"Suzhou", "population":Suzhou},{"city":"Douala", "country":"Douala", "population":Douala}]